{
    "name": "root",
    "gauges": {
        "ArcherAI.Policy.Entropy.mean": {
            "value": 2.436567783355713,
            "min": 2.099141836166382,
            "max": 2.4396724700927734,
            "count": 51
        },
        "ArcherAI.Policy.Entropy.sum": {
            "value": 154302.96875,
            "min": 117551.9453125,
            "max": 157284.765625,
            "count": 51
        },
        "ArcherAI.Environment.EpisodeLength.mean": {
            "value": 214.68,
            "min": 208.22105263157894,
            "max": 244.4326530612245,
            "count": 51
        },
        "ArcherAI.Environment.EpisodeLength.sum": {
            "value": 59037.0,
            "min": 57951.0,
            "max": 61675.0,
            "count": 51
        },
        "ArcherAI.Self-play.ELO.mean": {
            "value": 1094.361990617165,
            "min": 1079.0503898866682,
            "max": 1189.5750934256514,
            "count": 51
        },
        "ArcherAI.Self-play.ELO.sum": {
            "value": 188230.26238615238,
            "min": 98577.83507048665,
            "max": 217758.79998279305,
            "count": 51
        },
        "ArcherAI.Policy.ExtrinsicValueEstimate.mean": {
            "value": 0.6282172799110413,
            "min": -1.0566155910491943,
            "max": 1.431076169013977,
            "count": 51
        },
        "ArcherAI.Policy.ExtrinsicValueEstimate.sum": {
            "value": 108.05337524414062,
            "min": -115.18252563476562,
            "max": 234.6964874267578,
            "count": 51
        },
        "ArcherAI.Policy.CuriosityValueEstimate.mean": {
            "value": 1.0834002494812012,
            "min": 0.7383148670196533,
            "max": 14.757038116455078,
            "count": 51
        },
        "ArcherAI.Policy.CuriosityValueEstimate.sum": {
            "value": 186.3448486328125,
            "min": 82.00932312011719,
            "max": 2261.41748046875,
            "count": 51
        },
        "ArcherAI.Environment.CumulativeReward.mean": {
            "value": 2.5204011430574016,
            "min": -2.580129072230349,
            "max": 3.169783124004502,
            "count": 51
        },
        "ArcherAI.Environment.CumulativeReward.sum": {
            "value": 433.5089966058731,
            "min": -269.86800253391266,
            "max": 526.1839985847473,
            "count": 51
        },
        "ArcherAI.Policy.ExtrinsicReward.mean": {
            "value": 2.5204011430574016,
            "min": -2.580129072230349,
            "max": 3.169783124004502,
            "count": 51
        },
        "ArcherAI.Policy.ExtrinsicReward.sum": {
            "value": 433.5089966058731,
            "min": -269.86800253391266,
            "max": 526.1839985847473,
            "count": 51
        },
        "ArcherAI.Policy.CuriosityReward.mean": {
            "value": 1.8813474078684351,
            "min": 1.2907667849212885,
            "max": 186.22534544749925,
            "count": 51
        },
        "ArcherAI.Policy.CuriosityReward.sum": {
            "value": 323.59175415337086,
            "min": 222.59543224796653,
            "max": 17318.95712661743,
            "count": 51
        },
        "ArcherAI.Losses.PolicyLoss.mean": {
            "value": 0.04058302062033666,
            "min": 0.029822557843807673,
            "max": 0.2579571882883708,
            "count": 51
        },
        "ArcherAI.Losses.PolicyLoss.sum": {
            "value": 0.6493283299253866,
            "min": 0.4326294743805192,
            "max": 3.8693578243255615,
            "count": 51
        },
        "ArcherAI.Losses.ValueLoss.mean": {
            "value": 0.323679872934008,
            "min": 0.005326794527678026,
            "max": 50.24749855431063,
            "count": 51
        },
        "ArcherAI.Losses.ValueLoss.sum": {
            "value": 5.178877966944128,
            "min": 0.0799019179151704,
            "max": 703.4649797603488,
            "count": 51
        },
        "ArcherAI.Policy.LearningRate.mean": {
            "value": 0.0009495026571330681,
            "min": 0.0009495026571330681,
            "max": 0.0009994794190996772,
            "count": 51
        },
        "ArcherAI.Policy.LearningRate.sum": {
            "value": 0.01519204251412909,
            "min": 0.013335053033161369,
            "max": 0.01690637197602947,
            "count": 51
        },
        "ArcherAI.Policy.Epsilon.mean": {
            "value": 0.19495026520833336,
            "min": 0.19495026520833336,
            "max": 0.19994794190476192,
            "count": 51
        },
        "ArcherAI.Policy.Epsilon.sum": {
            "value": 3.119204243333334,
            "min": 2.733505296666667,
            "max": 3.390637196666667,
            "count": 51
        },
        "ArcherAI.Policy.Beta.mean": {
            "value": 0.004748018233895833,
            "min": 0.004748018233895833,
            "max": 0.00499740230104762,
            "count": 51
        },
        "ArcherAI.Policy.Beta.sum": {
            "value": 0.07596829174233333,
            "min": 0.06668191430366667,
            "max": 0.08453279611366667,
            "count": 51
        },
        "ArcherAI.Losses.CuriosityForwardLoss.mean": {
            "value": 0.5261802226305008,
            "min": 0.33936110635598504,
            "max": 88.40326443172636,
            "count": 51
        },
        "ArcherAI.Losses.CuriosityForwardLoss.sum": {
            "value": 8.418883562088013,
            "min": 5.429777701695761,
            "max": 1237.645702044169,
            "count": 51
        },
        "ArcherAI.Losses.CuriosityInverseLoss.mean": {
            "value": 8.413254221280416,
            "min": 4.699632358551026,
            "max": 8.413254221280416,
            "count": 51
        },
        "ArcherAI.Losses.CuriosityInverseLoss.sum": {
            "value": 134.61206754048666,
            "min": 67.73475551605226,
            "max": 134.61206754048666,
            "count": 51
        },
        "ArcherAI.IsTraining.mean": {
            "value": 1.0,
            "min": 1.0,
            "max": 1.0,
            "count": 51
        },
        "ArcherAI.IsTraining.sum": {
            "value": 1.0,
            "min": 1.0,
            "max": 1.0,
            "count": 51
        }
    },
    "metadata": {
        "timer_format_version": "0.1.0",
        "start_time_seconds": "1619466492",
        "python_version": "3.8.9 (tags/v3.8.9:a743f81, Apr  2 2021, 11:10:41) [MSC v.1928 64 bit (AMD64)]",
        "command_line_arguments": "D:\\src\\Unity\\Coliseum Liberation\\venv\\Scripts\\mlagents-learn .\\archerConfig.yaml --run-id=archerSelfPlay10 --force",
        "mlagents_version": "0.25.1",
        "mlagents_envs_version": "0.25.1",
        "communication_protocol_version": "1.5.0",
        "pytorch_version": "1.7.1+cu110",
        "numpy_version": "1.20.2",
        "end_time_seconds": "1619474663"
    },
    "total": 8171.0127784,
    "count": 1,
    "self": 0.006278899999415444,
    "children": {
        "run_training.setup": {
            "total": 0.19017799999999996,
            "count": 1,
            "self": 0.19017799999999996
        },
        "TrainerController.start_learning": {
            "total": 8170.8163215,
            "count": 1,
            "self": 2.5610937999681482,
            "children": {
                "TrainerController._reset_env": {
                    "total": 25.611274699999854,
                    "count": 16,
                    "self": 25.611274699999854
                },
                "TrainerController.advance": {
                    "total": 8142.437879900032,
                    "count": 104787,
                    "self": 1.2472079000963276,
                    "children": {
                        "env_step": {
                            "total": 8141.190671999936,
                            "count": 104787,
                            "self": 7218.269841200205,