{
    "name": "root",
    "metadata": {
        "timer_format_version": "0.1.0",
        "start_time_seconds": "1619475422",
        "python_version": "3.8.9 (tags/v3.8.9:a743f81, Apr  2 2021, 11:10:41) [MSC v.1928 64 bit (AMD64)]",
        "command_line_arguments": "D:\\src\\Unity\\Coliseum Liberation\\venv\\Scripts\\mlagents-learn .\\archerConfig.yaml --run-id=test111 --force",
        "mlagents_version": "0.25.1",
        "mlagents_envs_version": "0.25.1",
        "communication_protocol_version": "1.5.0",
        "pytorch_version": "1.7.1+cu110",
        "numpy_version": "1.20.2",
        "end_time_seconds": "1619475540"
    },
    "total": 117.71863400000001,
    "count": 1,
    "self": 0.005240300000011189,
    "children": {
        "run_training.setup": {
            "total": 0.18234060000000007,
            "count": 1,
            "self": 0.18234060000000007
        },
        "TrainerController.start_learning": {
            "total": 117.5310531,
            "count": 1,
            "self": 0.12148270000044192,
            "children": {
                "TrainerController._reset_env": {
                    "total": 9.973369300000002,
                    "count": 1,
                    "self": 9.973369300000002
                },
                "TrainerController.advance": {
                    "total": 107.23427349999956,
                    "count": 6066,
                    "self": 0.05891649999975357,
                    "children": {
                        "env_step": {
                            "total": 107.1753569999998,
                            "count": 6066,
                            "self": 62.361572299999764,
                            "children": {
                                "SubprocessEnvManager._take_step": {
                                    "total": 44.75212530000026,
                                    "count": 6066,
                                    "self": 0.6420890000008583,
                                    "children": {
                                        "TorchPolicy.evaluate": {
                                            "total": 44.1100362999994,
                                            "count": 12092,
                                            "self": 15.39607579999982,
                                            "children": {
                                                "TorchPolicy.sample_actions": {
                                                    "total": 28.71396049999958,
                                                    "count": 12092,
                                                    "self": 28.71396049999958
                                                }
                                            }
                                        }
                                    }
                                },
                                "workers": {
                                    "total": 0.06165939999978143,
                                    "count": 6065,
                                    "self": 0.0,
                                    "children": {
                                        "worker_root": {
                                            "total": 109.1406576000002,
                                            "count": 6065,
                                            "is_parallel": true,
                                            "self": 53.164820300000756,
                                            "children": {
                                                "steps_from_proto": {
                                                    "total": 0.0006667000000000201,
                                                    "count": 2,
                                                    "is_parallel": true,
                                                    "self": 0.000333399999998818,
                                                    "children": {
                                                        "_process_rank_one_or_two_observation": {
                                                            "total": 0.0003333000000012021,
                                                            "count": 12,
                                                            "is_parallel": true,
                                                            "self": 0.0003333000000012021
                                                        }
                                                    }
                                                },
                                                "UnityEnvironment.step": {
                                                    "total": 55.975170599999444,
                                                    "count": 6065,
                                                    "is_parallel": true,
                                                    "self": 0.4373102999991687,
                                                    "children": {
                                                        "UnityEnvironment._generate_step_input": {
                                                            "total": 1.1955833000001217,
                                                            "count": 6065,
                                                            "is_parallel": true,
                                                            "self": 1.1955833000001217
                                                        },
                                                        "communicator.exchange": {
                                                            "total": 50.946538999999504,
                                                            "count": 6065,
                                                            "is_parallel": true,
                                                            "self": 50.946538999999504
                                                        },
                                                        "steps_from_proto": {
                                                            "total": 3.39573800000065,
                                                            "count": 12130,
                                                            "is_parallel": true,
                                                            "self": 1.7984042000013947,
                                                            "children": {
                                                                "_process_rank_one_or_two_observation": {
                                                                    "total": 1.5973337999992552,
                                                                    "count": 72780,
                                                                    "is_parallel": true,
                                                                    "self": 1.5973337999992552
                                                                }
                                                            }
                                                        }
                                                    }
                                                }
                                            }
                                        }
                                    }
                                }
                            }
                        }
                    }
                },
                "trainer_threads": {
                    "total": 2.4400000000923683e-05,
                    "count": 1,
                    "self": 2.4400000000923683e-05,
                    "children": {
                        "thread_root": {
                            "total": 0.0,
                            "count": 0,
                            "is_parallel": true,
                            "self": 0.0,