{
    "name": "root",
    "metadata": {
        "timer_format_version": "0.1.0",
        "start_time_seconds": "1619382030",
        "python_version": "3.8.9 (tags/v3.8.9:a743f81, Apr  2 2021, 11:10:41) [MSC v.1928 64 bit (AMD64)]",
        "command_line_arguments": "D:\\src\\Unity\\Coliseum Liberation\\venv\\Scripts\\mlagents-learn .\\archerConfig.yaml --run-id=Shooter5",
        "mlagents_version": "0.25.1",
        "mlagents_envs_version": "0.25.1",
        "communication_protocol_version": "1.5.0",
        "pytorch_version": "1.7.1+cu110",
        "numpy_version": "1.20.2",
        "end_time_seconds": "1619382106"
    },
    "total": 75.4411579,
    "count": 1,
    "self": 0.01340940000000046,
    "children": {
        "run_training.setup": {
            "total": 0.30812070000000014,
            "count": 1,
            "self": 0.30812070000000014
        },
        "TrainerController.start_learning": {
            "total": 75.11962779999999,
            "count": 1,
            "self": 0.003831600000054891,
            "children": {
                "TrainerController._reset_env": {
                    "total": 66.8572579,
                    "count": 1,
                    "self": 66.8572579
                },
                "TrainerController.advance": {
                    "total": 7.535094699999959,
                    "count": 167,
                    "self": 0.0015512999999884869,
                    "children": {
                        "env_step": {
                            "total": 7.533543399999971,
                            "count": 167,
                            "self": 3.178514099999944,
                            "children": {
                                "SubprocessEnvManager._take_step": {
                                    "total": 4.3534687999999875,
                                    "count": 167,
                                    "self": 0.008818899999951668,
                                    "children": {
                                        "TorchPolicy.evaluate": {
                                            "total": 4.344649900000036,
                                            "count": 167,
                                            "self": 0.2541767999999962,
                                            "children": {
                                                "TorchPolicy.sample_actions": {
                                                    "total": 4.09047310000004,
                                                    "count": 167,
                                                    "self": 4.09047310000004
                                                }
                                            }
                                        }
                                    }
                                },
                                "workers": {
                                    "total": 0.0015605000000391556,
                                    "count": 166,
                                    "self": 0.0,
                                    "children": {
                                        "worker_root": {
                                            "total": 17.999307199999933,
                                            "count": 166,
                                            "is_parallel": true,
                                            "self": 15.058601099999855,
                                            "children": {
                                                "steps_from_proto": {
                                                    "total": 0.00046809999999908314,
                                                    "count": 1,
                                                    "is_parallel": true,
                                                    "self": 0.0002635999999966998,
                                                    "children": {
                                                        "_process_rank_one_or_two_observation": {
                                                            "total": 0.00020450000000238333,
                                                            "count": 2,
                                                            "is_parallel": true,
                                                            "self": 0.00020450000000238333
                                                        }
                                                    }
                                                },
                                                "UnityEnvironment.step": {
                                                    "total": 2.940238000000079,
                                                    "count": 166,
                                                    "is_parallel": true,
                                                    "self": 0.011492200000219555,
                                                    "children": {
                                                        "UnityEnvironment._generate_step_input": {
                                                            "total": 0.10847669999995446,
                                                            "count": 166,
                                                            "is_parallel": true,
                                                            "self": 0.10847669999995446
                                                        },
                                                        "communicator.exchange": {
                                                            "total": 2.766235299999977,
                                                            "count": 166,
                                                            "is_parallel": true,
                                                            "self": 2.766235299999977
                                                        },
                                                        "steps_from_proto": {
                                                            "total": 0.05403379999992808,
                                                            "count": 166,
                                                            "is_parallel": true,
                                                            "self": 0.033792399999782674,
                                                            "children": {
                                                                "_process_rank_one_or_two_observation": {
                                                                    "total": 0.020241400000145404,
                                                                    "count": 332,
                                                                    "is_parallel": true,
                                                                    "self": 0.020241400000145404
                                                                }
                                                            }
                                                        }
                                                    }
                                                }
                                            }
                                        }
                                    }
                                }
                            }
                        }
                    }
                },
                "trainer_threads": {
                    "total": 1.6899999991437653e-05,
                    "count": 1,
                    "self": 1.6899999991437653e-05,
                    "children": {
                        "thread_root": {
                            "total": 0.0,
                            "count": 0,
                            "is_parallel": true,
                            "self": 0.0,
                            "children": {
                                "trainer_advance": {
                                    "total": 7.504003000000154,