{"count":1,"self":5.3218616,"total":54.1270769,"children":{"InitializeActuators":{"count":32,"self":0.0030053999999999997,"total":0.0030053999999999997,"children":null},"InitializeSensors":{"count":32,"self":0.0035050999999999997,"total":0.0035050999999999997,"children":null},"AgentSendState":{"count":2034,"self":0.2163858,"total":2.216085,"children":{"CollectObservations":{"count":16288,"self":0.0805646,"total":0.0805646,"children":null},"WriteActionMask":{"count":16288,"self":0.056731,"total":0.056731,"children":null},"RequestDecision":{"count":16288,"self":0.17265439999999999,"total":1.8624036,"children":{"AgentInfo.ToProto":{"count":16288,"self":0.1445274,"total":1.6897491999999998,"children":{"GenerateSensorData":{"count":16288,"self":0.4332624,"total":1.5452218,"children":{"RayPerceptionSensor.Perceive":{"count":32576,"self":1.1119594,"total":1.1119594,"children":null}}}}}}}}},"DecideAction":{"count":2034,"self":46.4809312,"total":46.480931999999996,"children":null},"AgentAct":{"count":2034,"self":0.0961013,"total":0.0961013,"children":null},"AgentInfo.ToProto":{"count":28,"self":0,"total":0.0045848999999999994,"children":{"GenerateSensorData":{"count":28,"self":0.0015245,"total":0.0045848999999999994,"children":{"RayPerceptionSensor.Perceive":{"count":56,"self":0.0030604,"total":0.0030604,"children":null}}}}}},"gauges":{"ArcherAI.CumulativeReward":{"count":28,"max":0.995000064,"min":-2.44800949,"runningAverage":-1.34328544,"value":-2.43200684,"weightedAverage":-1.82387924}},"metadata":{"timer_format_version":"0.1.0","start_time_seconds":"1619541316","unity_version":"2019.4.18f1","command_line_arguments":"C:\\Program Files\\Unity\\Hub\\Editor\\2019.4.18f1\\Editor\\Unity.exe -projectPath D:\\src\\Unity\\Coliseum Liberation","communication_protocol_version":"1.5.0","com.unity.ml-agents_version":"1.9.1-preview","scene_name":"ml-agents","end_time_seconds":"1619541370"}}