{
    "name": "root",
    "gauges": {
        "ArcherAI.Policy.Entropy.mean": {
            "value": 2.1122355461120605,
            "min": 2.111828565597534,
            "max": 2.1122355461120605,
            "count": 2
        },
        "ArcherAI.Policy.Entropy.sum": {
            "value": 64786.4921875,
            "min": 64786.4921875,
            "max": 69132.8203125,
            "count": 2
        },
        "ArcherAI.Environment.EpisodeLength.mean": {
            "value": 337.2134831460674,
            "min": 337.2134831460674,
            "max": 362.2530120481928,
            "count": 2
        },
        "ArcherAI.Environment.EpisodeLength.sum": {
            "value": 30012.0,
            "min": 30012.0,
            "max": 30067.0,
            "count": 2
        },
        "ArcherAI.Policy.ExtrinsicValueEstimate.mean": {
            "value": 0.619199812412262,
            "min": 0.619199812412262,
            "max": 0.8614228367805481,
            "count": 2
        },
        "ArcherAI.Policy.ExtrinsicValueEstimate.sum": {
            "value": 54.489585876464844,
            "min": 54.489585876464844,
            "max": 70.63667297363281,
            "count": 2
        },
        "ArcherAI.Policy.CuriosityValueEstimate.mean": {
            "value": 3.9900853633880615,
            "min": 1.2506037950515747,
            "max": 3.9900853633880615,
            "count": 2
        },
        "ArcherAI.Policy.CuriosityValueEstimate.sum": {
            "value": 351.12750244140625,
            "min": 102.54950714111328,
            "max": 351.12750244140625,
            "count": 2
        },
        "ArcherAI.Environment.CumulativeReward.mean": {
            "value": -3.1590911109339106,
            "min": -3.698780738725895,
            "max": -3.1590911109339106,
            "count": 2
        },
        "ArcherAI.Environment.CumulativeReward.sum": {
            "value": -278.00001776218414,
            "min": -303.3000205755234,
            "max": -278.00001776218414,
            "count": 2
        },
        "ArcherAI.Policy.ExtrinsicReward.mean": {
            "value": -3.1590911109339106,
            "min": -3.698780738725895,
            "max": -3.1590911109339106,
            "count": 2
        },
        "ArcherAI.Policy.ExtrinsicReward.sum": {
            "value": -278.00001776218414,
            "min": -303.3000205755234,
            "max": -278.00001776218414,
            "count": 2
        },
        "ArcherAI.Policy.CuriosityReward.mean": {
            "value": 27.35341712832451,
            "min": 27.35341712832451,
            "max": 30.681164020445287,
            "count": 2
        },
        "ArcherAI.Policy.CuriosityReward.sum": {
            "value": 2407.1007072925568,
            "min": 2407.1007072925568,
            "max": 2515.8554496765137,
            "count": 2
        },
        "ArcherAI.Losses.PolicyLoss.mean": {
            "value": 0.20823531062730277,
            "min": 0.10886745673293868,
            "max": 0.20823531062730277,
            "count": 2
        },
        "ArcherAI.Losses.PolicyLoss.sum": {
            "value": 0.41647062125460554,
            "min": 0.10886745673293868,
            "max": 0.41647062125460554,
            "count": 2
        },
        "ArcherAI.Losses.ValueLoss.mean": {
            "value": 1.0966782523940006,
            "min": 0.15617950210968654,
            "max": 1.0966782523940006,
            "count": 2
        },
        "ArcherAI.Losses.ValueLoss.sum": {
            "value": 2.1933565047880013,
            "min": 0.15617950210968654,
            "max": 2.1933565047880013,
            "count": 2
        },
        "ArcherAI.Policy.LearningRate.mean": {
            "value": 0.0002995220051593316,
            "min": 0.0002995220051593316,
            "max": 0.0002998068200643933,
            "count": 2
        },
        "ArcherAI.Policy.LearningRate.sum": {
            "value": 0.0005990440103186632,
            "min": 0.0002998068200643933,
            "max": 0.0005990440103186632,
            "count": 2
        },
        "ArcherAI.Policy.Epsilon.mean": {
            "value": 0.1998406683333333,
            "min": 0.1998406683333333,
            "max": 0.19993560666666677,
            "count": 2
        },
        "ArcherAI.Policy.Epsilon.sum": {
            "value": 0.3996813366666666,
            "min": 0.19993560666666677,
            "max": 0.3996813366666666,
            "count": 2
        },
        "ArcherAI.Policy.Beta.mean": {
            "value": 0.004992049349833334,
            "min": 0.004992049349833334,
            "max": 0.0049967867726666655,
            "count": 2
        },
        "ArcherAI.Policy.Beta.sum": {
            "value": 0.009984098699666669,
            "min": 0.0049967867726666655,
            "max": 0.009984098699666669,
            "count": 2
        },
        "ArcherAI.Losses.CuriosityForwardLoss.mean": {
            "value": 1.9612740581234296,
            "min": 1.9612740581234296,
            "max": 260.5624696413676,
            "count": 2
        },
        "ArcherAI.Losses.CuriosityForwardLoss.sum": {
            "value": 3.922548116246859,
            "min": 3.922548116246859,
            "max": 260.5624696413676,
            "count": 2
        },
        "ArcherAI.Losses.CuriosityInverseLoss.mean": {
            "value": 2.73524188597997,
            "min": 2.73524188597997,
            "max": 4.498769052823385,
            "count": 2
        },
        "ArcherAI.Losses.CuriosityInverseLoss.sum": {
            "value": 5.47048377195994,
            "min": 4.498769052823385,
            "max": 5.47048377195994,
            "count": 2
        },
        "ArcherAI.IsTraining.mean": {
            "value": 1.0,
            "min": 1.0,
            "max": 1.0,
            "count": 2
        },
        "ArcherAI.IsTraining.sum": {
            "value": 1.0,
            "min": 1.0,
            "max": 1.0,
            "count": 2
        }
    },
    "metadata": {
        "timer_format_version": "0.1.0",
        "start_time_seconds": "1619383876",
        "python_version": "3.8.9 (tags/v3.8.9:a743f81, Apr  2 2021, 11:10:41) [MSC v.1928 64 bit (AMD64)]",
        "command_line_arguments": "D:\\src\\Unity\\Coliseum Liberation\\venv\\Scripts\\mlagents-learn .\\archerConfig.yaml --run-id=Shooter10",
        "mlagents_version": "0.25.1",
        "mlagents_envs_version": "0.25.1",
        "communication_protocol_version": "1.5.0",
        "pytorch_version": "1.7.1+cu110",
        "numpy_version": "1.20.2",
        "end_time_seconds": "1619384025"
    },
    "total": 148.3844248,
    "count": 1,
    "self": 0.005716299999988905,
    "children": {
        "run_training.setup": {
            "total": 0.18145959999999994,
            "count": 1,
            "self": 0.18145959999999994
        },
        "TrainerController.start_learning": {
            "total": 148.1972489,
            "count": 1,
            "self": 0.09807719999960796,
            "children": {
                "TrainerController._reset_env": {
                    "total": 11.238099,
                    "count": 1,
                    "self": 11.238099
                },
                "TrainerController.advance": {
                    "total": 136.6014151000004,
                    "count": 4817,
                    "self": 0.05402270000001863,
                    "children": {
                        "env_step": {
                            "total": 136.54739240000038,
                            "count": 4817,
                            "self": 113.25176700000115,
                            "children": {
                                "SubprocessEnvManager._take_step": {
                                    "total": 23.2422971000002,
                                    "count": 4817,
                                    "self": 0.34851849999994755,