{
    "name": "root",
    "gauges": {
        "ArcherAI.Policy.Entropy.mean": {
            "value": 1.9150151014328003,
            "min": 1.8581945896148682,
            "max": 1.9150151014328003,
            "count": 4
        },
        "ArcherAI.Policy.Entropy.sum": {
            "value": 95948.0,
            "min": 93101.125,
            "max": 95948.0,
            "count": 4
        },
        "ArcherAI.Policy.ExtrinsicValueEstimate.mean": {
            "value": -0.6600661277770996,
            "min": -11.413016319274902,
            "max": -0.6600661277770996,
            "count": 4
        },
        "ArcherAI.Policy.ExtrinsicValueEstimate.sum": {
            "value": -516.831787109375,
            "min": -8924.978515625,
            "max": -516.831787109375,
            "count": 4
        },
        "ArcherAI.Losses.PolicyLoss.mean": {
            "value": 0.024885344436236967,
            "min": 0.021367937722582914,
            "max": 0.02687893104078588,
            "count": 4
        },
        "ArcherAI.Losses.PolicyLoss.sum": {
            "value": 0.12442672218118483,
            "min": 0.10683968861291457,
            "max": 0.12442672218118483,
            "count": 4
        },
        "ArcherAI.Losses.ValueLoss.mean": {
            "value": 4.401075134202838,
            "min": 3.9479161376754446,
            "max": 5.7060961636900895,
            "count": 4
        },
        "ArcherAI.Losses.ValueLoss.sum": {
            "value": 22.00537567101419,
            "min": 15.791664550701778,
            "max": 28.53048081845045,
            "count": 4
        },
        "ArcherAI.Policy.LearningRate.mean": {
            "value": 0.00019427943524020003,
            "min": 0.00019427943524020003,
            "max": 0.0002844543051819,
            "count": 4
        },
        "ArcherAI.Policy.LearningRate.sum": {
            "value": 0.0009713971762010001,
            "min": 0.0009713971762010001,
            "max": 0.0012824328725223998,
            "count": 4
        },
        "ArcherAI.Policy.Epsilon.mean": {
            "value": 0.16475979999999998,
            "min": 0.16475979999999998,
            "max": 0.1948181,
            "count": 4
        },
        "ArcherAI.Policy.Epsilon.sum": {
            "value": 0.823799,
            "min": 0.7792724,
            "max": 0.9274776000000003,
            "count": 4
        },
        "ArcherAI.Policy.Beta.mean": {
            "value": 0.0032415140200000004,
            "min": 0.0032415140200000004,
            "max": 0.004741423190000001,
            "count": 4
        },
        "ArcherAI.Policy.Beta.sum": {
            "value": 0.016207570100000002,
            "min": 0.016207570100000002,
            "max": 0.02138113224,
            "count": 4
        },
        "ArcherAI.Environment.EpisodeLength.mean": {
            "value": 4565.666666666667,
            "min": 1871.3333333333333,
            "max": 5049.333333333333,
            "count": 4
        },
        "ArcherAI.Environment.EpisodeLength.sum": {
            "value": 13697.0,
            "min": 4615.0,
            "max": 15148.0,
            "count": 4
        },
        "ArcherAI.Environment.CumulativeReward.mean": {
            "value": 106.0,
            "min": 106.0,
            "max": 106.0,
            "count": 4
        },
        "ArcherAI.Environment.CumulativeReward.sum": {
            "value": 318.0,
            "min": 212.0,
            "max": 318.0,
            "count": 4
        },
        "ArcherAI.Policy.ExtrinsicReward.mean": {
            "value": 106.0,
            "min": 106.0,
            "max": 106.0,
            "count": 4
        },
        "ArcherAI.Policy.ExtrinsicReward.sum": {
            "value": 318.0,
            "min": 212.0,
            "max": 318.0,
            "count": 4
        },
        "ArcherAI.IsTraining.mean": {
            "value": 1.0,
            "min": 1.0,
            "max": 1.0,
            "count": 4
        },
        "ArcherAI.IsTraining.sum": {
            "value": 1.0,
            "min": 1.0,
            "max": 1.0,
            "count": 4
        }
    },
    "metadata": {
        "timer_format_version": "0.1.0",
        "start_time_seconds": "1619307911",
        "python_version": "3.8.9 (tags/v3.8.9:a743f81, Apr  2 2021, 11:10:41) [MSC v.1928 64 bit (AMD64)]",
        "command_line_arguments": "D:\\src\\Unity\\Coliseum Liberation\\venv\\Scripts\\mlagents-learn archerConfig.yaml --run-id=shooter --force",
        "mlagents_version": "0.25.1",
        "mlagents_envs_version": "0.25.1",
        "communication_protocol_version": "1.5.0",
        "pytorch_version": "1.7.1+cu110",
        "numpy_version": "1.20.2",
        "end_time_seconds": "1619308308"
    },
    "total": 396.80617670000004,
    "count": 1,
    "self": 0.036742800000013176,
    "children": {
        "run_training.setup": {
            "total": 0.3324196000000015,
            "count": 1,
            "self": 0.3324196000000015
        },
        "TrainerController.start_learning": {
            "total": 396.43701430000004,
            "count": 1,
            "self": 0.5735378999989962,
            "children": {
                "TrainerController._reset_env": {
                    "total": 19.543454,
                    "count": 1,
                    "self": 19.543454
                },
                "TrainerController.advance": {
                    "total": 373.949507700001,
                    "count": 26684,
                    "self": 0.2988504999968882,
                    "children": {
                        "env_step": {
                            "total": 373.6506572000041,
                            "count": 26684,
                            "self": 236.2257028000029,
                            "children": {
                                "SubprocessEnvManager._take_step": {
                                    "total": 137.1105010000031,
                                    "count": 26684,
                                    "self": 1.6142858000042395,
                                    "children": {
                                        "TorchPolicy.evaluate": {
                                            "total": 135.49621519999886,
                                            "count": 26684,
                                            "self": 45.41242779999767,
                                            "children": {
                                                "TorchPolicy.sample_actions": {
                                                    "total": 90.08378740000119,
                                                    "count": 26684,
                                                    "self": 90.08378740000119
                                                }
                                            }
                                        }
                                    }
                                },
                                "workers": {
                                    "total": 0.31445339999810784,
                                    "count": 26683,
                                    "self": 0.0,
                                    "children": {
                                        "worker_root": {
                                            "total": 385.3720354000002,
                                            "count": 26683,
                                            "is_parallel": true,
                                            "self": 182.1476291000028,
                                            "children": {
                                                "steps_from_proto": {
                                                    "total": 0.00047159999999912827,
                                                    "count": 1,
                                                    "is_parallel": true,
                                                    "self": 0.00024179999999773827,